{"cameraMode":{"drawMode":0,"name":"Shaded","section":"Shading Mode"},"sceneLighting":true,"audioPlay":false,"sceneViewState":{"showFog":true,"showMaterialUpdate":false,"showSkybox":true,"showFlares":true,"showImageEffects":true,"showParticleSystems":true},"in2DMode":false,"pivot":{"x":10.90715503692627,"y":-4.531945705413818,"z":-11.465215682983399},"rotation":{"x":0.06778882443904877,"y":-0.9319090843200684,"z":0.263943076133728,"w":0.239343523979187},"size":9.88151741027832,"orthographic":true}